"","subject","hour","GSM"
"1","Subject 01","Baseline","GSM757898"
"2","Subject 01","Hour 00","GSM757899"
"3","Subject 01","Hour 005","GSM757900"
"4","Subject 01","Hour 012","GSM757901"
"5","Subject 01","Hour 021","GSM757902"
"6","Subject 01","Hour 029","GSM757903"
"7","Subject 01","Hour 036","GSM757904"
"8","Subject 01","Hour 045","GSM757905"
"9","Subject 01","Hour 053","GSM757906"
"10","Subject 01","Hour 060","GSM757907"
"11","Subject 01","Hour 069","GSM757908"
"12","Subject 01","Hour 077","GSM757909"
"13","Subject 01","Hour 084","GSM757910"
"14","Subject 01","Hour 093","GSM757911"
"15","Subject 01","Hour 101","GSM757912"
"16","Subject 01","Hour 108","GSM757913"
"17","Subject 02","Baseline","GSM757914"
"18","Subject 02","Hour 00","GSM757915"
"19","Subject 02","Hour 005","GSM757916"
"20","Subject 02","Hour 012","GSM757917"
"21","Subject 02","Hour 021","GSM757918"
"22","Subject 02","Hour 029","GSM757919"
"23","Subject 02","Hour 036","GSM757920"
"24","Subject 02","Hour 045","GSM757921"
"25","Subject 02","Hour 053","GSM757922"
"26","Subject 02","Hour 060","GSM757923"
"27","Subject 02","Hour 069","GSM757924"
"28","Subject 02","Hour 077","GSM757925"
"29","Subject 02","Hour 084","GSM757926"
"30","Subject 02","Hour 093","GSM757927"
"31","Subject 02","Hour 101","GSM757928"
"32","Subject 02","Hour 108","GSM757929"
"33","Subject 03","Baseline","GSM757930"
"34","Subject 03","Hour 00","GSM757931"
"35","Subject 03","Hour 005","GSM757932"
"36","Subject 03","Hour 012","GSM757933"
"37","Subject 03","Hour 021","GSM757934"
"38","Subject 03","Hour 029","GSM757935"
"39","Subject 03","Hour 036","GSM757936"
"40","Subject 03","Hour 045","GSM757937"
"41","Subject 03","Hour 053","GSM757938"
"42","Subject 03","Hour 060","GSM757939"
"43","Subject 03","Hour 069","GSM757940"
"44","Subject 03","Hour 077","GSM757941"
"45","Subject 03","Hour 084","GSM757942"
"46","Subject 03","Hour 093","GSM757943"
"47","Subject 03","Hour 101","GSM757944"
"48","Subject 03","Hour 108","GSM757945"
"49","Subject 04","Baseline","GSM757946"
"50","Subject 04","Hour 00","GSM757947"
"51","Subject 04","Hour 005","GSM757948"
"52","Subject 04","Hour 012","GSM757949"
"53","Subject 04","Hour 021","GSM757950"
"54","Subject 04","Hour 036","GSM757951"
"55","Subject 04","Hour 045","GSM757952"
"56","Subject 04","Hour 053","GSM757953"
"57","Subject 04","Hour 060","GSM757954"
"58","Subject 04","Hour 069","GSM757955"
"59","Subject 04","Hour 077","GSM757956"
"60","Subject 04","Hour 084","GSM757957"
"61","Subject 04","Hour 093","GSM757958"
"62","Subject 04","Hour 101","GSM757959"
"63","Subject 04","Hour 108","GSM757960"
"64","Subject 05","Baseline","GSM757961"
"65","Subject 05","Hour 00","GSM757962"
"66","Subject 05","Hour 005","GSM757963"
"67","Subject 05","Hour 012","GSM757964"
"68","Subject 05","Hour 021","GSM757965"
"69","Subject 05","Hour 029","GSM757966"
"70","Subject 05","Hour 036","GSM757967"
"71","Subject 05","Hour 045","GSM757968"
"72","Subject 05","Hour 053","GSM757969"
"73","Subject 05","Hour 060","GSM757970"
"74","Subject 05","Hour 069","GSM757971"
"75","Subject 05","Hour 077","GSM757972"
"76","Subject 05","Hour 084","GSM757973"
"77","Subject 05","Hour 093","GSM757974"
"78","Subject 05","Hour 101","GSM757975"
"79","Subject 05","Hour 108","GSM757976"
"80","Subject 06","Baseline","GSM757977"
"81","Subject 06","Hour 00","GSM757978"
"82","Subject 06","Hour 005","GSM757979"
"83","Subject 06","Hour 012","GSM757980"
"84","Subject 06","Hour 021","GSM757981"
"85","Subject 06","Hour 029","GSM757982"
"86","Subject 06","Hour 036","GSM757983"
"87","Subject 06","Hour 045","GSM757984"
"88","Subject 06","Hour 053","GSM757985"
"89","Subject 06","Hour 060","GSM757986"
"90","Subject 06","Hour 069","GSM757987"
"91","Subject 06","Hour 077","GSM757988"
"92","Subject 06","Hour 084","GSM757989"
"93","Subject 06","Hour 093","GSM757990"
"94","Subject 06","Hour 101","GSM757991"
"95","Subject 06","Hour 108","GSM757992"
"96","Subject 07","Baseline","GSM757993"
"97","Subject 07","Hour 00","GSM757994"
"98","Subject 07","Hour 005","GSM757995"
"99","Subject 07","Hour 012","GSM757996"
"100","Subject 07","Hour 021","GSM757997"
"101","Subject 07","Hour 029","GSM757998"
"102","Subject 07","Hour 036","GSM757999"
"103","Subject 07","Hour 045","GSM758000"
"104","Subject 07","Hour 053","GSM758001"
"105","Subject 07","Hour 060","GSM758002"
"106","Subject 07","Hour 069","GSM758003"
"107","Subject 07","Hour 077","GSM758004"
"108","Subject 07","Hour 084","GSM758005"
"109","Subject 07","Hour 093","GSM758006"
"110","Subject 07","Hour 101","GSM758007"
"111","Subject 07","Hour 108","GSM758008"
"112","Subject 08","Baseline","GSM758009"
"113","Subject 08","Hour 00","GSM758010"
"114","Subject 08","Hour 005","GSM758011"
"115","Subject 08","Hour 012","GSM758012"
"116","Subject 08","Hour 029","GSM758013"
"117","Subject 08","Hour 036","GSM758014"
"118","Subject 08","Hour 045","GSM758015"
"119","Subject 08","Hour 053","GSM758016"
"120","Subject 08","Hour 060","GSM758017"
"121","Subject 08","Hour 069","GSM758018"
"122","Subject 08","Hour 077","GSM758019"
"123","Subject 08","Hour 084","GSM758020"
"124","Subject 08","Hour 093","GSM758021"
"125","Subject 08","Hour 101","GSM758022"
"126","Subject 08","Hour 108","GSM758023"
"127","Subject 09","Baseline","GSM758024"
"128","Subject 09","Hour 00","GSM758025"
"129","Subject 09","Hour 005","GSM758026"
"130","Subject 09","Hour 012","GSM758027"
"131","Subject 09","Hour 021","GSM758028"
"132","Subject 09","Hour 029","GSM758029"
"133","Subject 09","Hour 036","GSM758030"
"134","Subject 09","Hour 045","GSM758031"
"135","Subject 09","Hour 053","GSM758032"
"136","Subject 09","Hour 060","GSM758033"
"137","Subject 09","Hour 069","GSM758034"
"138","Subject 09","Hour 077","GSM758035"
"139","Subject 09","Hour 084","GSM758036"
"140","Subject 09","Hour 093","GSM758037"
"141","Subject 09","Hour 101","GSM758038"
"142","Subject 09","Hour 108","GSM758039"
"143","Subject 10","Baseline","GSM758040"
"144","Subject 10","Hour 00","GSM758041"
"145","Subject 10","Hour 005","GSM758042"
"146","Subject 10","Hour 012","GSM758043"
"147","Subject 10","Hour 021","GSM758044"
"148","Subject 10","Hour 029","GSM758045"
"149","Subject 10","Hour 036","GSM758046"
"150","Subject 10","Hour 045","GSM758047"
"151","Subject 10","Hour 053","GSM758048"
"152","Subject 10","Hour 060","GSM758049"
"153","Subject 10","Hour 069","GSM758050"
"154","Subject 10","Hour 077","GSM758051"
"155","Subject 10","Hour 084","GSM758052"
"156","Subject 10","Hour 093","GSM758053"
"157","Subject 10","Hour 101","GSM758054"
"158","Subject 10","Hour 108","GSM758055"
"159","Subject 11","Baseline","GSM758056"
"160","Subject 11","Hour 00","GSM758057"
"161","Subject 11","Hour 005","GSM758058"
"162","Subject 11","Hour 012","GSM758059"
"163","Subject 11","Hour 021","GSM758060"
"164","Subject 11","Hour 029","GSM758061"
"165","Subject 11","Hour 036","GSM758062"
"166","Subject 11","Hour 045","GSM758063"
"167","Subject 11","Hour 053","GSM758064"
"168","Subject 11","Hour 060","GSM758065"
"169","Subject 11","Hour 069","GSM758066"
"170","Subject 11","Hour 077","GSM758067"
"171","Subject 11","Hour 084","GSM758068"
"172","Subject 11","Hour 093","GSM758069"
"173","Subject 11","Hour 101","GSM758070"
"174","Subject 11","Hour 108","GSM758071"
"175","Subject 12","Baseline","GSM758072"
"176","Subject 12","Hour 00","GSM758073"
"177","Subject 12","Hour 005","GSM758074"
"178","Subject 12","Hour 012","GSM758075"
"179","Subject 12","Hour 021","GSM758076"
"180","Subject 12","Hour 029","GSM758077"
"181","Subject 12","Hour 036","GSM758078"
"182","Subject 12","Hour 045","GSM758079"
"183","Subject 12","Hour 053","GSM758080"
"184","Subject 12","Hour 060","GSM758081"
"185","Subject 12","Hour 069","GSM758082"
"186","Subject 12","Hour 077","GSM758083"
"187","Subject 12","Hour 084","GSM758084"
"188","Subject 12","Hour 093","GSM758085"
"189","Subject 12","Hour 101","GSM758086"
"190","Subject 12","Hour 108","GSM758087"
"191","Subject 13","Hour 00","GSM758088"
"192","Subject 13","Hour 005","GSM758089"
"193","Subject 13","Hour 012","GSM758090"
"194","Subject 13","Hour 021","GSM758091"
"195","Subject 13","Hour 029","GSM758092"
"196","Subject 13","Hour 045","GSM758093"
"197","Subject 13","Hour 053","GSM758094"
"198","Subject 13","Hour 060","GSM758095"
"199","Subject 13","Hour 069","GSM758096"
"200","Subject 13","Hour 077","GSM758097"
"201","Subject 13","Hour 084","GSM758098"
"202","Subject 13","Hour 093","GSM758099"
"203","Subject 13","Hour 101","GSM758100"
"204","Subject 13","Hour 108","GSM758101"
"205","Subject 14","Baseline","GSM758102"
"206","Subject 14","Hour 00","GSM758103"
"207","Subject 14","Hour 005","GSM758104"
"208","Subject 14","Hour 012","GSM758105"
"209","Subject 14","Hour 021","GSM758106"
"210","Subject 14","Hour 029","GSM758107"
"211","Subject 14","Hour 036","GSM758108"
"212","Subject 14","Hour 045","GSM758109"
"213","Subject 14","Hour 053","GSM758110"
"214","Subject 14","Hour 060","GSM758111"
"215","Subject 14","Hour 069","GSM758112"
"216","Subject 14","Hour 077","GSM758113"
"217","Subject 14","Hour 084","GSM758114"
"218","Subject 14","Hour 093","GSM758115"
"219","Subject 14","Hour 101","GSM758116"
"220","Subject 14","Hour 108","GSM758117"
"221","Subject 15","Baseline","GSM758118"
"222","Subject 15","Hour 00","GSM758119"
"223","Subject 15","Hour 005","GSM758120"
"224","Subject 15","Hour 012","GSM758121"
"225","Subject 15","Hour 021","GSM758122"
"226","Subject 15","Hour 029","GSM758123"
"227","Subject 15","Hour 036","GSM758124"
"228","Subject 15","Hour 045","GSM758125"
"229","Subject 15","Hour 053","GSM758126"
"230","Subject 15","Hour 060","GSM758127"
"231","Subject 15","Hour 069","GSM758128"
"232","Subject 15","Hour 077","GSM758129"
"233","Subject 15","Hour 084","GSM758130"
"234","Subject 15","Hour 093","GSM758131"
"235","Subject 15","Hour 101","GSM758132"
"236","Subject 15","Hour 108","GSM758133"
"237","Subject 16","Baseline","GSM758134"
"238","Subject 16","Hour 00","GSM758135"
"239","Subject 16","Hour 005","GSM758136"
"240","Subject 16","Hour 012","GSM758137"
"241","Subject 16","Hour 021","GSM758138"
"242","Subject 16","Hour 029","GSM758139"
"243","Subject 16","Hour 036","GSM758140"
"244","Subject 16","Hour 045","GSM758141"
"245","Subject 16","Hour 053","GSM758142"
"246","Subject 16","Hour 060","GSM758143"
"247","Subject 16","Hour 069","GSM758144"
"248","Subject 16","Hour 077","GSM758145"
"249","Subject 16","Hour 084","GSM758146"
"250","Subject 16","Hour 093","GSM758147"
"251","Subject 16","Hour 101","GSM758148"
"252","Subject 16","Hour 108","GSM758149"
"253","Subject 17","Baseline","GSM758150"
"254","Subject 17","Hour 00","GSM758151"
"255","Subject 17","Hour 005","GSM758152"
"256","Subject 17","Hour 012","GSM758153"
"257","Subject 17","Hour 021","GSM758154"
"258","Subject 17","Hour 029","GSM758155"
"259","Subject 17","Hour 045","GSM758156"
"260","Subject 17","Hour 053","GSM758157"
"261","Subject 17","Hour 060","GSM758158"
"262","Subject 17","Hour 069","GSM758159"
"263","Subject 17","Hour 077","GSM758160"
"264","Subject 17","Hour 084","GSM758161"
"265","Subject 17","Hour 093","GSM758162"
"266","Subject 17","Hour 101","GSM758163"
"267","Subject 17","Hour 108","GSM758164"
"268","Subject 04","Hour 029","GSM758165"
